{"main":"american-flights-api.raml","name":"American Flights API","organizationId":"a7fc5f10-f688-4e0d-836f-497c9458740a","groupId":"a7fc5f10-f688-4e0d-836f-497c9458740a","assetId":"american-flights-api","version":"1.0.0","metadata":{"branchId":"master","commitId":"d9f3f97b88de61349ebce3f89c59a0ba576d4946","projectId":"c213f443-89d3-4309-a071-46686012b2b3"},"apiVersion":"v1","classifier":"raml","dependencies":[{"assetId":"training-american-flight-data-type","groupId":"68ef9520-24e9-4cf2-b2f5-620025690913","version":"1.0.1"},{"assetId":"training-american-flights-example","groupId":"68ef9520-24e9-4cf2-b2f5-620025690913","version":"1.0.1"}],"tags":[],"originalFormatVersion":"1.0"}